question_id,question,gold_answer,processed_answer,label,core_correct,core_correct_signal,core_grounded,core_grounded_signal,num_extra_claims,human_verdict_agrees
5a775d9e5542993569682d6e,"What is the name of the Tindersticks' soundtrack for which the film, written by Denis and Jean-Pol Fargeau, is also named?",Trouble Every Day,"The film ""Trouble Every Day"" (2001) shares its title with the Tindersticks'",SUPPORTED,True,containment,True,entity_coverage=1.00,0,
5a764341554299109176e6e9,Girard city is located in a county with how many inhabitants ?,"39,134","Girard city is located in Crawford County, which had a population of",UNSUPPORTED,False,"embedding_sim=0.44,token_f1=0.00",True,entity_coverage=1.00,1,
5a8460435542992ef85e23d1,"Highway 42 runs northwest from where Highway 24 crosses the BNSF Railway's Northern Transcon,  a route operated by what Railway?",BNSF,The highway runs northwest from where Highway 24 crosses the BNSF Railway's,SUPPORTED,True,containment,True,entity_coverage=1.00,0,
5ab97f8b5542996be202052b,"A major character in the 2000 novel ""Storm Front"" had her name changed to what when the novel series was adapted for television?",Connie Murphy,Karrin Murphy's name was changed to Connie Murphy when the novel series,SUPPORTED,True,containment,True,entity_coverage=1.00,0,
5ab5a2f85542997d4ad1f197,What profession does Nicholas Ray and Elia Kazan have in common?,director,Nicholas Ray and Elia Kazan are both film directors.,SUPPORTED,True,containment,True,entity_coverage=1.00,0,
5ab3ad3c554299753aec5989,What number album of Taylor Swift did Colbie Marie Caillat win a Grammy for?,second,Colbie Caillat did not win a Grammy for any Taylor Swift album.,UNSUPPORTED,False,"embedding_sim=0.40,token_f1=0.00",True,entity_coverage=0.80,0,
5a822d4655429926c1cdae45,What actor in the film D.C. Cab also had a role in the TV series Barney Miller?,Max Gail,"Max Gail played Detective Stan ""Wojo"" Wojciehowicz in Barney Miller",SUPPORTED,True,containment,True,entity_coverage=1.00,0,
5a7149f45542994082a3e777,What is the best-seller by Ruta Sepetys?,Between Shades of Gray,Between Shades of Gray is a New York Times Bestseller,SUPPORTED,True,containment,True,entity_coverage=1.00,0,
5a8deeb455429917b4a5bce2,What network did the show on which Kim Roberts played Neeva air on?,FX,"The TV series ""The Strain"" aired on FX.",SUPPORTED,True,containment,True,entity_coverage=1.00,0,
5ac16fca5542994ab5c67d32,Who is the oldest of the Van Dyke family?,Dick Van Dyke,"Jerry Van Dyke (born July 27, 1931) is the oldest of the",UNSUPPORTED,False,llm_equivalence,True,verbatim_span_supporting_title,1,
5a7d15e35542995ed0d165dd,"Michael Ralph DeVito (born June 10, 1984) is a former American football defensive end, he  the National Football League (NFL), DeVito attended high school at Nauset Regional High School an NEASC accredited high school located in North Eastham, in which state?",Massachusetts,Michael Ralph DeVito attended high school at Nauset Regional High School in,UNSUPPORTED,False,"embedding_sim=0.40,token_f1=0.00",False,llm_judge_supported,0,
5abdf05d55429933744ab830,What nationality are Ralph Tresvant and Chad Smith?,American,American,SUPPORTED,True,exact_match,True,verbatim_span_supporting_title,0,
5a7150665542994082a3e7bb,"What is based in Sankt Ulrich bei Steyr, Austria? ",Steyr Mannlicher,"Steyr Mannlicher is a firearms manufacturer based in Sankt Ulrich bei Steyr,",SUPPORTED,True,containment,True,verbatim_span_supporting_title,0,
5ac01bb75542996f0d89cb22,"Of the film directors Kenji Mizoguchi and Andrzej Żuławski, which one often went against mainstream commercialism in his films?",Andrzej Żuławski,Andrzej Żuławski was known for often going against mainstream commercialism in his,SUPPORTED,True,containment,True,entity_coverage=1.00,0,
5a77a5475542992a6e59df4d,"Which baseball player and manager was born in Ellisville, Mississippi, home of 4448 people?",Harry Francis Craft,"Harry Craft was born in Ellisville, Mississippi.",UNSUPPORTED,False,llm_equivalence,True,entity_coverage=1.00,0,
5a8a481a55429930ff3c0d5a,Navarone Garibaldi is the half-brother of a singer who has been married how many times?,four,Lisa Marie Presley has been married four times.,SUPPORTED,True,containment,True,entity_coverage=1.00,0,
5adea57f5542992fa25da7ee,Reagan and Give Us Our Skeletons were both which kind of films?,film,Both Reagan and Give Us Our Skeletons are documentary films.,SUPPORTED,True,containment,True,entity_coverage=1.00,0,
5ac3ad225542995ef918c1da,Are Gin and tonic and Paloma both cocktails based on tequila?,no,No,SUPPORTED,True,exact_match,True,verbatim_span_other_title,0,
5a8f7afc5542995b44242050,"The 2006-07 New Orleans/Oklahoma City Hornets season was the team's 5th in the NBA, the Hornets split their games between the New Orleans Arena and the Ford Center, which multi-purpose indoor arena, located in the city's Central Business District, in New Orleans, Louisiana?",Smoothie King Center,The Ford Center is a multi-purpose indoor arena located in downtown New,UNSUPPORTED,False,llm_equivalence,True,entity_coverage=1.00,0,
5abba5e75542992ccd8e7f64,"In the draft of the 2017–18 Phoenix Suns season, The Phoneix Suns picked which player that played one season for the Kansas Jayhawks?",Josh Jackson,Josh Jackson was selected fourth overall by the Phoenix Suns in the,SUPPORTED,True,containment,True,entity_coverage=1.00,0,
5add14615542992ae4cec455,What is the name of this policy of favoring members of a disadvantaged group who suffer or have suffered from discrimination within a culture of which Black Economic Empowerment is a form? ,Affirmative action,Affirmative action.,SUPPORTED,True,exact_match,True,verbatim_span_supporting_title,0,
5abd38d055429924427fcf4c,Who founded the knighthood in which Gino Cassinis was part of?,Luigi Einaudi,Gino Cassinis was part of the Order of Merit of the Italian,UNSUPPORTED,False,"embedding_sim=0.50,token_f1=0.00",True,entity_coverage=1.00,0,
5ae1fc135542997283cd2309,Are Patrick White and Katherine Anne Porter both writers?,yes,Yes,UNSUPPORTED,True,exact_match,False,entity_coverage=0.00,0,
5a7fbbd45542994857a767e7,"Who directed he Paris Opera Ballet from 1983 to 1989 and its chief choreographer until October 1992, and he gave the tittle of étoile to a member of the Paris Opera Ballet from 1978?",Rudolf Khametovich Nureyev,Rudolf Nureyev was the director of the Paris Opera Ballet from 1983,UNSUPPORTED,False,llm_equivalence,True,entity_coverage=1.00,0,
5ae838335542997ec272777a,"Who directed Revolver, the 2005 crime thriller starring the English actor Jason Statham?",Guy Ritchie,Guy Ritchie directed the 2005 film Revolver.,SUPPORTED,True,containment,True,entity_coverage=1.00,0,
5ac25c4a55429951e9e6857f,When was the record producer that produced Love Has Come for You born? ,22 June 1944,"Peter Asher, the producer of Love Has Come for You, was born",UNSUPPORTED,False,"embedding_sim=0.40,token_f1=0.00",True,verbatim_span_supporting_title,1,
5ae1baab554299234fd042da,"What is the best known song of the artist who originally recorded the song ""A Thousand Times a Day""?",He Stopped Loving Her Today,"The best-known song of George Jones, the original recording artist of ""A",UNSUPPORTED,False,"embedding_sim=0.45,token_f1=0.00",True,entity_coverage=1.00,1,
5abbc9ff55429931dba14533,When was the band for which Bob Welch was a guitarist formed ?,1967,"The band for which Bob Welch was a guitarist, Fleetwood Mac, was",UNSUPPORTED,False,"embedding_sim=0.50,token_f1=0.00",True,entity_coverage=1.00,0,
5a78bfd75542990784727753,In what city did Duane Swank get his PhD?,"Evanston, Illinois",Duane Swank received his PhD from Duke University.,UNSUPPORTED,False,"embedding_sim=0.40,token_f1=0.00",True,entity_coverage=1.00,0,
5a84e8295542997b5ce3ff8b,The national flag of Ghana designed by Theodosia Okoh was adopted in which year?,1957,The national flag of Ghana designed by Theodosia Okoh was adopted in,UNSUPPORTED,False,"embedding_sim=0.46,token_f1=0.00",True,entity_coverage=1.00,0,
5ac42b5e554299076e296d7e," ""Your Love Had Taken Me That High"" is a song recorded by a singer that received a string of Country Music Association awards for duets with who?",Loretta Lynn,Conway Twitty received a string of Country Music Association awards for duets,UNSUPPORTED,False,llm_equivalence,True,entity_coverage=1.00,0,
5ab58104554299637185c5b4,Ezhou and Yangzhong are both cities in what country?,China,Ezhou and Yangzhong are both cities in China.,SUPPORTED,True,containment,True,entity_coverage=1.00,0,
5ae5ebe15542996de7b71a6f,"Which original attraction at Universal Studios Florida, featuring Yogi Bear and Boo Boo, was replaced by Jimmy Nuetron's Nicktoon Blast?",The Funtastic World of Hanna-Barbera,The Funtastic World of Hanna-Barbera was the original attraction at Universal Studios,SUPPORTED,True,containment,True,entity_coverage=1.00,0,
5ab2b1d35542992953946815,"Which stadium hosts the rivalry game between the all-male, historically African American College located in Atlanta and Tuskegee?",J. McClung Memorial Stadium,"Morehouse College is a private, all-male, liberal arts, historically African American college",UNSUPPORTED,False,"embedding_sim=0.47,token_f1=0.00",True,verbatim_span_supporting_title,1,
5a8a582a5542995153361372,What do it yourself magazine does William Gurstelle write for?,Make,"William Gurstelle writes for Make: (or ""MAKE:"") magazine, a bimonthly DIY magazine",SUPPORTED,True,containment,True,entity_coverage=1.00,1,
5ae750175542997b22f6a6b6,"Tothill Fields was an 18th-century area of Westminster in the county of Middlesex, a historic county in south-east region of which country?",England,"Tothill Fields was located in the historic county of Middlesex, England.",SUPPORTED,True,exact_match,True,verbatim_span_supporting_title,1,
5abed82a5542993fe9a41d51,What song recorded by Fergie was produced by Polow da Don and was followed by Life Goes On?,M.I.L.F. $,"""M.I.L.F.",SUPPORTED,True,exact_match,True,verbatim_span_supporting_title,0,
5a74742655429979e2882958,"What was a single released in 1959 and peaked at number 4 on the ""Billboard"" Hot 100, performed by an American country-influenced rock and roll duo, known for steel-string acoustic guitar playing and close harmony singing?",'Till) I Kissed You,"The song is ""(Till) I Kissed You"", written by Don Everly of",SUPPORTED,True,containment,True,entity_coverage=1.00,1,
5a8ae49155429951533613a3,In what show did Cynthia Nixon receive the 2004 Primetime Emmy Award for Outstanding Supporting Actress in a Comedy Series and a Screen Actors Guild Award for her performance?,Sex and the City,Cynthia Nixon received the awards for her portrayal of Miranda Hobbes in,UNSUPPORTED,False,"embedding_sim=0.49,token_f1=0.12",True,entity_coverage=1.00,0,
5ae55c2b5542992663a4f1e4,How many stores are in the major shopping centre that is served by the Garden City bus station?,440,"There are 440 specialty stores, cafes, restaurants and other services",UNSUPPORTED,True,containment,False,llm_judge_supported,0,
5a8195f35542995ce29dcc0c,"A Head Full of Dreams Tour is the seventh tour by Coldplay, and which had it's first show at a stadium that is known as Estadio Unico and is owned by who?",Province of Buenos Aires,The A Head Full of Dreams Tour began with its first show,UNSUPPORTED,False,"embedding_sim=0.40,token_f1=0.12",True,entity_coverage=1.00,0,
5add180e5542992ae4cec45c,What American professional basketball player born in 1986 was awarded the Dave Gavitt Trophy during the 2007 Big East Men's Basketball Championship? ,Jeffrey Lynn Green,"Jeff Green, a Georgetown Hoyas player, was awarded the Dave Gavitt Trophy",SUPPORTED,True,embedding_sim=0.85,True,verbatim_span_supporting_title,2,
5ab490235542996a3a969f98,"Which institute is this American football coach currently serving as head coach, who led 2013 Boise State Broncos football team?",University of Washington,Chris Petersen is the current head coach of the Boise State Broncos,UNSUPPORTED,False,"embedding_sim=0.54,token_f1=0.13",True,entity_coverage=1.00,0,
5ac5247c55429924173fb602,"""Apocalypic"" is a song sung by Lizzy Hale from which group? ",Halestorm,Lizzy Hale is a member of the American hard rock band Halestorm.,SUPPORTED,True,containment,True,entity_coverage=1.00,0,
5a727bb95542991f9a20c48d,Jess Weixler starred in what comedy-horror film directed by Mitchell Lichtenstein?,Teeth,"Jess Weixler starred in the 2007 black comedy horror film ""Teeth"" directed",SUPPORTED,True,containment,True,entity_coverage=1.00,0,
5ac1d2ed55429964131be29d,What is the name of the 3 Michelin Star Restaurant that is located in the second largest hotel in the United States?,Joël Robuchon,Joël Robuchon is a 3 Michelin-starred restaurant located at the MGM Grand,SUPPORTED,True,containment,True,entity_coverage=1.00,0,
5add67b05542995b365fab2a,What nationality was a  historical drama film directed by?,Argentine,The Weavers (1927 film) is a German silent historical drama film.,UNSUPPORTED,False,"embedding_sim=0.42,token_f1=0.00",True,entity_coverage=1.00,0,
5a8afba155429949d91db458,Abraham Weinberg was a suspect in the killing of which Irish-American hitman?,"Vincent ""Mad Dog"" Coll","Abraham Weinberg was a suspect in the killing of Vincent ""Mad Dog""",UNSUPPORTED,False,llm_equivalence,True,entity_coverage=1.00,0,
5ab77be75542995dae37e937,What is a small network appliance and entertainment device that serves as a the media player for the iTunes Store?,Apple TV,The Apple TV is a small network appliance,SUPPORTED,True,containment,True,entity_coverage=1.00,0,
5add85b65542997545bbbd61,The Bass Rock Lighthouse was next to what Castle?,Tantallon Castle,The Bass Rock Lighthouse was next to Tantallon Castle.,SUPPORTED,True,containment,True,entity_coverage=1.00,0,
5a874ce855429960ec39b787,"What band originally from Tucson, Arizona and currently from Albany, New York released their first album in 2000?",Hector on Stilts,Digby is an American Indie pop/rock band that was originally formed in,UNSUPPORTED,False,"embedding_sim=0.46,token_f1=0.00",True,entity_coverage=1.00,0,
5a84812e5542997175ce1ecf,BLIZZARD! The Storm That Changed America was about the storm also referred to as what?,Great White Hurricane,"The Great Blizzard of 1888, also known as the Great White Hurricane.",SUPPORTED,True,containment,True,entity_coverage=1.00,1,
5a83168855429966c78a6b2e,"Dua Lipa, an English singer, songwriter and model, the album spawned the number-one single ""New Rules"" is a song by English singer Dua Lipa from her eponymous debut studio album, released in what year?",2017,The album was released in 2017.,SUPPORTED,True,containment,True,entity_coverage=1.00,0,
5a8e506d5542990e94052ac8,"The republic with the smallest population of all the members of the Council of Europe is one of few places in Europe where a species of beetle cannot be found, that wew originally described in 1809 by whom?",Panzer,The species of beetle Agonum fuliginosum was originally described by Panzer in,SUPPORTED,True,containment,True,entity_coverage=1.00,0,
5ae126f555429901ffe4adc9,"Heartbreak Express, Dolly Parton's 24th solo studio album, featured this re-recording of what song, originally recorded in 1973 and featured in the ""Best Little Whorehouse in Texas Soundtrack""?",I Will Always Love You,"The re-recording on Dolly Parton's album ""Heartbreak Express"" is a version of",UNSUPPORTED,False,"embedding_sim=0.41,token_f1=0.00",True,entity_coverage=1.00,0,
5a7cc4a1554299452d57ba36,Who administers the federal law that the California Healthy Families Program implements?,the United States Department of Health and Human Services,The California Healthy Families Program implements the federal Children's Health Insurance Program,UNSUPPORTED,False,llm_equivalence,True,entity_coverage=1.00,0,
5a8cc6c7554299441c6b9ef8,What is the Soninke language meaning of the name of the democracy that is home to Kumasi Airport?,"""Warrior King""","The Soninke language meaning of the name ""Ghana"" is ""Warrior King"".",SUPPORTED,True,containment,True,entity_coverage=1.00,0,
5a7148ac5542994082a3e762,"What music magazine ran from 1942 to 2008 and had a compilation album ""The Wild Bunch"" in 1984?",Hit Parader,Hit Parader was an American music magazine that operated between 1942,SUPPORTED,True,containment,True,verbatim_span_supporting_title,0,
5ab7aaf055429928e1fe388b,"The NBC-affiliated television station, owned by an American telecommunications company whose founder is Julian Sinclair Smith, called WJAR is more commonly known as what?",NBC 10,WJAR is more commonly known as NBC 10.,SUPPORTED,True,containment,True,entity_coverage=1.00,0,
5adeb3715542995534e8c6da,"Kevin ""Jack"" Haugrud was the acting United States Secretary of the Interior, serving since the end of the Obama administration on January 20, 2017 until the swearing in of Ryan Zinke, an American politician and businessman, on which date?","March 1, 2017",Ryan Zinke took office as the 52nd United States Secretary of the,UNSUPPORTED,False,"embedding_sim=0.50,token_f1=0.00",True,entity_coverage=1.00,0,
5ab82bb955429916710eb00a,The 34th Foot Regiment was sent to fight who?,Americans,The 34th Foot Regiment was sent to fight the Americans.,SUPPORTED,True,containment,True,entity_coverage=1.00,0,
5a8b10c655429949d91db49c,Who is the Russian figure skater who danced with a Russian pair skater and in 1988 and 1994.,Ekaterina Gordeeva,"Ekaterina Gordeeva, a Russian figure skater, danced with Sergei Grinkov, a Russian",SUPPORTED,True,exact_match,True,verbatim_span_supporting_title,2,
5ab9fe8755429901930fa767,"""HMS ""Sussex"" was an 80-gun third-rate ship, of the line of the English Royal Navy, for which sovereign state on the island of Great Britain from the 10th century—when it emerged from various Anglo-Saxon kingdoms—until 1707, when it united with Scotland to form the Kingdom of Great Britain?",Kingdom of England,The ship was part of the English Royal Navy.,UNSUPPORTED,False,llm_equivalence,False,llm_judge_supported,0,
5a82a59855429940e5e1a909, Rani Silautia is an Indian politician from a party having links with which Hindu nationalist organization ?,the Hindu nationalist Rashtriya Swayamsevak Sangh,"Rani Silautia is an Indian politician from the Bharatiya Janata Party, which",UNSUPPORTED,False,llm_equivalence,True,verbatim_span_supporting_title,0,
5ab964ae5542996be20204c0,What New York county is Hartland Swamp Wildlife Management Area located in?,Niagara County,Hartland Swamp Wildlife Management Area is located in Niagara County.,SUPPORTED,True,containment,True,entity_coverage=1.00,0,
5ab5b3ff5542997d4ad1f1b3,Who was the goalkeeper who blocked the most decorated English footballer player of all time?,Jens Lehmann,"Fred Stallard is reported to have played for Derry City, where he",UNSUPPORTED,False,"embedding_sim=0.47,token_f1=0.00",True,entity_coverage=1.00,0,
5a89ca29554299669944a59d,Mary Small served the county whose seat is what town?,Bath,"Bath, Maine.",SUPPORTED,True,exact_match,True,verbatim_span_supporting_title,0,
5ac2a5d455429921a00ab01b,What are the names of the current members of  American heavy metal band who wrote the music for  Hurt Locker The Musical? ,"Hetfield and Ulrich, longtime lead guitarist Kirk Hammett, and bassist Robert Trujillo.",Jaime St,UNSUPPORTED,False,"embedding_sim=0.34,token_f1=0.00",True,verbatim_span_other_title,0,
5ae546be5542990ba0bbb251,Which Lightweight division mixed martial artist founded the American Combat Association?,Kamal Shalorus,Kamal Shalorus is not mentioned as the founder of the American Combat,SUPPORTED,True,containment,True,entity_coverage=1.00,0,
5a879ab05542996e4f30887e,The Oberoi family is part of a hotel company that has a head office in what city?,Delhi,The Oberoi family is part of a hotel company with its head,UNSUPPORTED,False,"embedding_sim=0.42,token_f1=0.00",True,entity_coverage=1.00,0,
5a8a2ebc5542996c9b8d5e33,"The Royal Commission into Drug Trafficking (1977–1979) or Woodward Royal Commission was a royal commission initiated by the New South Wales Government to investigate drug trafficking in New South Wales, Australia, especially links between the New South Wales Police and Mafia, The Honoured Society, is a Calabrian 'Ndrangheta criminal confederation, started in Melbourne and currently active in all of which country?  ",Australia,The Royal Commission into Drug Trafficking (1977–1979) or Woodward Royal Commission was,UNSUPPORTED,False,"embedding_sim=0.42,token_f1=0.00",True,verbatim_span_supporting_title,0,
5ab1c5cb554299722f9b4c61,Who represents the district that Gawthorpe is in?,Julie Cooper,"Gawthorpe is represented by Kelly McCarthy, who currently represents District 49.",UNSUPPORTED,False,"embedding_sim=0.53,token_f1=0.00",True,entity_coverage=1.00,1,
5adbdb8955429944faac2389,What German automotive marque does the high-performance aftermarket tuning company Brabus specialize in?,Smart,Brabus specializes in Mercedes-Benz vehicles.,UNSUPPORTED,False,"embedding_sim=0.49,token_f1=0.00",True,entity_coverage=1.00,0,
5a887540554299206df2b27c,"Which tennis player has received a higher World singles ranking, Xavier Malisse or Virginia Wade?",Virginia Wade,Xavier Malisse reached a career-high singles ranking of World No.,UNSUPPORTED,False,"embedding_sim=0.38,token_f1=0.00",True,entity_coverage=1.00,0,
5ae245365542994d89d5b3af,Which former lawyer and entrepreneur who was convicted for conspiracy and drug dealing was involved in a civil suit against Bill and Hillary Clinton?,Peter F. Paul,Peter F.,SUPPORTED,True,containment,True,verbatim_span_supporting_title,0,
5a82180355429926c1cdae3e,Who developed the game which Folkenstal features weapons and armors in a cosplay? ,ZeniMax Online Studios,Folkenstal is a Cosplay artist from Switzerland who features weapons,UNSUPPORTED,False,"embedding_sim=0.53,token_f1=0.00",True,entity_coverage=1.00,0,
5adc05f35542996e685252ac,"Brisingr is the third novel in the ""Inheritance Cycle"", is a young adult tetralogy of high fantasy novels written by which American author?",Christopher Paolini,"Christopher Paolini is the American author who wrote the ""Inheritance Cycle"" series,",SUPPORTED,True,containment,True,entity_coverage=1.00,0,
5adde6805542997dc7907099,Which city in China is a prefecture-level city Xinzhou or Guanghan,Xinzhou () is a prefecture-level city,"Guanghan is a county-level city, while Xinzhou is a prefecture-level city.",SUPPORTED,True,token_f1=0.91,True,entity_coverage=1.00,1,
5a72b1c25542992359bc3172,"What author has contributed to such works as ""New Statesmen"", ""The Nation"", and ""The Atlantic"", among others, while also being being associated with Dysteleology?",Christopher Hitchens,There is no direct association between Christopher Hitchens' contributions and Dysteleology.,UNSUPPORTED,True,containment,False,entity_coverage=0.00,0,
5adea56855429975fa854f35,Lynyrd Skynyrd lost three members in a crash of a plane that was chartered from which company?,L&J Company,"The rock band Lynyrd Skynyrd lost three members, including Ronnie Van Zant",UNSUPPORTED,False,"embedding_sim=0.42,token_f1=0.00",True,entity_coverage=1.00,1,
5ab419e75542996a3a969f38,The ancient Roman town near Fusaro Lake is now the commune of what?,Bacoli,The ancient Roman town near Fusaro Lake is now the commune of,UNSUPPORTED,False,"embedding_sim=0.49,token_f1=0.00",True,entity_coverage=1.00,0,
5a7ded525542990b8f503af2,What year was the series published that recounts the adventures of Anne Shirley and published by Scholastic Press?,1908,The T*Witches series was published between 2001 and 2004.,UNSUPPORTED,False,"embedding_sim=0.41,token_f1=0.00",True,entity_coverage=1.00,0,
5adf1bf75542993344016bd9,"Canton Road Station was a planned railway station on the Kowloon Southern Link of West Rail Line, that was to run beneath a large shopping mall located where?","Tsim Sha Tsui, Hong Kong",Canton Road Station was planned to be built beneath Harbour City in,UNSUPPORTED,False,"embedding_sim=0.50,token_f1=0.00",True,entity_coverage=1.00,0,
5a81cb685542990a1d231ec5,What character did Pam Ferris play in the film based on a J.K Rowling novel?,Aunt Marge,"Pam Ferris played Aunt Marge in ""Harry Potter",SUPPORTED,True,containment,True,entity_coverage=1.00,0,
5ac141dd5542991316484a9b,The End of the Innocence was a single by which former member of the Eagles?,Donald Hugh Henley,"Don Henley, who co-wrote and co-produced the song with Bruce Hornsby.",SUPPORTED,True,embedding_sim=0.88,True,verbatim_span_supporting_title,1,
5adc96ba5542994d58a2f672,"Are Fuling District and Qidong, Jiangsu both located in China?",yes,Yes,UNSUPPORTED,True,exact_match,False,entity_coverage=0.00,0,
5a90451755429916514e7451,"What Golden Globe nominated American actor from Juilliard School played a role in the 1986 romantic drama film, Children of a Lesser God, directed by Randa Haines?",William Hurt,"Marlee Matlin played a role in the 1986 romantic drama film ""Children",UNSUPPORTED,False,"embedding_sim=0.34,token_f1=0.00",True,entity_coverage=1.00,0,
5ab55478554299488d4d993d,The President of Egypt that changed the Hamayouni Decree was born in what year?,1928,"Muhammad Hosni El Sayed Mubarak, the fourth President of Egypt, was born",UNSUPPORTED,False,"embedding_sim=0.53,token_f1=0.00",True,verbatim_span_supporting_title,1,
5ae3e5f55542996836b02beb,"What is a semi-professional football club in Hyde, Greater Manchester, England?",Hyde United Football Club,Hyde United F.C.,SUPPORTED,True,embedding_sim=0.96,True,entity_coverage=1.00,0,
5ac2c3545542990b17b1548b,Chang Ucchin was born in korea during a time that ended with the conclusion of what? ,World War II,Chang Ucchin was born in Korea during a time that ended with,UNSUPPORTED,False,"embedding_sim=0.45,token_f1=0.00",True,entity_coverage=1.00,0,
5ae08e2455429945ae9593bb,"The actor that uses the stage name ""Li Ming"" starred with Donnie Yen in a 2005 Hong Kong film directed by who?",Tsui Hark,Tsui Hark directed the 2005 Hong Kong film starring Leon Lai as,SUPPORTED,True,containment,True,entity_coverage=1.00,0,
5a83cf395542996488c2e4e0,"What musical genre was the song that, according to Annet Artani, inspired the Britney Spears song ""Everytime""?",R&B,"The song that inspired the Britney Spears song ""Everytime"" is a pop",UNSUPPORTED,False,llm_equivalence,True,entity_coverage=1.00,0,
5a89eca455429946c8d6ea11,Was Beyond the Gates of Splendor or Jesus Camp released first?,Beyond the Gates of Splendor,No,UNSUPPORTED,False,"embedding_sim=0.46,token_f1=0.00",True,verbatim_span_other_title,0,
5a7724de5542993569682cf9,"What Bible college located in Louisville, Kentucky, was attended by Paul R. House who served for a time as president of the Evangelical Theological Society?",Southern Baptist Theological Seminary,"The Southern Baptist Theological Seminary is located in Louisville, Kentucky",SUPPORTED,True,containment,True,entity_coverage=1.00,0,
5abd7ca05542993062266cab,Where is the company that purchased Aixam based in?,"Roseau, Minnesota, USA","The company that purchased Aixam, Polaris Industries, is based in the US.",UNSUPPORTED,False,"embedding_sim=0.43,token_f1=0.00",True,entity_coverage=1.00,1,
5a7f5f025542992097ad2f45,"Which documentary, Crumb or Cancer, was produced first?",Crumb,Crumb (film) was produced before Cancer (film).,SUPPORTED,True,containment,True,entity_coverage=1.00,0,
5adecc6355429975fa854f9c,"Signet Jewelers owns what Delaware based retailer, along with Kay and Jared?",Zale Corporation,Zale Corporation.,SUPPORTED,True,exact_match,True,verbatim_span_supporting_title,0,
5abecd755542997719eab5d0,6 Interpretations included the songwriter who performed in what band from 1985 to 1995?,Requiem in White,Doc Hammer was part of the gothic rock bands Requiem in White,SUPPORTED,True,containment,True,entity_coverage=1.00,0,
5ae726a1554299572ea54738,"Dixit Dominus is a psalm setting by who, which was a German, later British, baroque composer who spent the bulk of his career in London, becoming well known for his operas, oratorios, anthems, and organ concertos?",George Frideric Handel,Dixit Dominus is a psalm setting by George Frideric Handel.,SUPPORTED,True,containment,True,verbatim_span_supporting_title,0,
5a79e5a85542996c55b2dc94,"Who was born first, Tanya Donelly or Trace Cyrus?",Tanya Donelly,"Tanya Donelly was born on July 14, 1966",SUPPORTED,True,containment,True,entity_coverage=1.00,0,
5ae24c195542996483e64965,"Biographic is a weekly comics feature by award-winning cartoonist and illustrator Steve McGarry, the feature is syndicated by Universal Uclick and appears in such publications as The Toronto Sun, an English-language daily tabloid newspaper published in Toronto, Ontario, in which country?",Canada,The Toronto Sun is published in Canada.,SUPPORTED,True,containment,True,entity_coverage=1.00,0,
5a82411055429940e5e1a815,Lee Il-hyung's first feature film was released by which company ?,Showbox,"Lee Il-hyung's first feature film, ""Red Doors"", was released by a distributor",UNSUPPORTED,False,"embedding_sim=0.40,token_f1=0.00",True,entity_coverage=1.00,1,
5a7179445542994082a3e84c,Which happened first Battle of Okinawa or Operation Nordwind ?,Operation North Wind,"Operation Nordwind began on December 31, 1944",SUPPORTED,True,llm_equivalence,True,entity_coverage=1.00,0,
5a8f590a554299458435d5cf,Which brand shop in Beverly Center is based in Maranello ?,Ferrari,Ferrari has a store at the Beverly Center.,SUPPORTED,True,containment,True,entity_coverage=1.00,0,
5ae56de75542990ba0bbb2a6,"When was the English disc jockey who hosted ""The Voice UK"" born? ",18 March 1985,Marvin Humes was born on 18 March 1985.,SUPPORTED,True,containment,True,entity_coverage=1.00,0,
5a7a257a5542996a35c170ff,What year did the famous amusement park across the street from Axeltory open?,1843,Tivoli Gardens,UNSUPPORTED,False,"embedding_sim=0.49,token_f1=0.00",True,verbatim_span_supporting_title,0,
5a778d3b55429949eeb29eee,When was the 15th pick of the 2011 NFL born ?,"July 24, 1989","Mike Pouncey, the player selected as the 15th pick of the 2011",UNSUPPORTED,False,"embedding_sim=0.49,token_f1=0.00",True,verbatim_span_supporting_title,1,
5a729c575542991f9a20c52f,What year were trade unions legalized in Tony Blair's country?,1871,"Trade unions were legalized in the United Kingdom in 1871, during Tony",SUPPORTED,True,containment,True,entity_coverage=1.00,0,
5ade18635542997c77aded3e,What network is the reality TV Show that features American former professional baseball left fielder who played 22 seasons in Major League Baseball (MLB) with the Pittsburgh Pirates and San Francisco Giants?,ESPN,The reality TV show featuring Barry Bonds does not specify a particular,UNSUPPORTED,False,llm_equivalence,False,llm_judge_supported,0,
5a734c425542994cef4bc514,The Prancing Horse was used by which top Italian fighter ace?,Count Francesco Baracca,The Prancing Horse was originally worn by Count Francesco Baracca on his,SUPPORTED,True,containment,True,entity_coverage=1.00,0,
5ae20dea5542997283cd2386,Who directed the 2013 slasher film that Alexandra Daddario starred in?,John Luessenhop,John Luessenhop directed the 2013 American slasher film Texas Chainsaw 3D.,SUPPORTED,True,containment,True,entity_coverage=1.00,0,
5ab5e4d0554299494045f0a7,"Jinchang and Liling, are located in which country?",China,Jinchang and Liling are located in China.,SUPPORTED,True,containment,True,entity_coverage=1.00,0,
5a83143655429954d2e2ec0a,What area is the species of Spruce which can be found in Rensselaer Plateau native to?,eastern North America,The Red Spruce (Picea rubens) is native to the Rensselaer Plateau.,UNSUPPORTED,False,llm_equivalence,True,entity_coverage=1.00,0,
5a8efd3c55429918e830d179,Are both The New Pornographers and Kings of Leon American rock bands?,no,No,SUPPORTED,True,exact_match,True,verbatim_span_supporting_title,0,
5ab61c7f554299710c8d1e64,What is the approximate population of the country that Koularo lies in?,1 million,The approximate population of Togo is around 1 million.,SUPPORTED,True,containment,True,entity_coverage=1.00,0,
5a717ca25542994082a3e852,Where is a place that has both Lano Estacado and Buda Limestone geological formations?,High Plains,"The High Plains region of West Texas, where the Lano Estacado",PARTIAL,True,containment,True,entity_coverage=1.00,1,
5a7d549f5542991319bc93ad,What is the meaning of Trevor Prangley's other division the fought in aside from Light Weight?,refers to different weight classes,Trevor Prangley also competed in the Middleweight division.,UNSUPPORTED,False,"embedding_sim=0.54,token_f1=0.00",True,entity_coverage=1.00,0,
5ae0a9d655429945ae9593f4,"Which composer was Hungarian, Béla Bartók or Johann Christoph Pepusch?",Béla Viktor János Bartók,Hungarian,UNSUPPORTED,False,"embedding_sim=0.52,token_f1=0.00",True,verbatim_span_supporting_title,0,
5a78d1bd55429974737f78bd,Kerrygold Irish Cream Liqueur is owned by a company that mainly sells what type or product?,dairy products,"Kerrygold Irish Cream Liqueur is owned by Ornua, which mainly sells dairy",UNSUPPORTED,False,llm_equivalence,False,token_overlap=0.03,1,
5ab1ce395542997061209579,"The central character of ""The Adventures of Brer Rabbit"" was later adapted into which 1946 Walt Disney Company motion picture film?","""Song of the South"".","The central character of ""The Adventures of Brer Rabbit"" was later adapted",UNSUPPORTED,False,"embedding_sim=0.46,token_f1=0.25",True,entity_coverage=1.00,0,
5ae717ec5542995703ce8bd0,"Name the mother of Edward Stafford, 4th Baron Stafford, who was the daughter of the English nobleman and politician Edward Stanley, 3rd Earl of Derby?",Mary Stanley,"Mary Stanley, daughter of Edward Stanley, 3rd Earl of Derby.",SUPPORTED,True,exact_match,True,verbatim_span_supporting_title,2,
5a7626bd554299109176e678,"Which actor starring in ""Lisa Picard Is Famous"" was born in Douglas County?",Laura Ellen Kirk,Daniel London's co-star,UNSUPPORTED,False,"embedding_sim=0.51,token_f1=0.00",True,entity_coverage=1.00,0,
5ab7c93f55429928e1fe38e4,"Björn Ulvaeus was a part of a Swedish pop group, formed in Stockholm in 1972, as well as co-producer on the film ""Mamma Mia!"" with who?",Benny Andersson,Björn Ulvaeus was a part of ABBA,SUPPORTED,True,llm_equivalence,True,entity_coverage=1.00,0,
5ac3bf5e5542995ef918c20f,The Rossendale Free Press serves the town how far north of Manchester?,19 mi,Haslingden is 19 miles north of Manchester.,SUPPORTED,True,containment,True,entity_coverage=1.00,0,
5a78b524554299148911f954,"Sam Goody, who was run by Musicland Group, Inc., filed bankrupcy in which year?",2006,"Sam Goody, run by Musicland Group, Inc., filed bankruptcy in 2006.",SUPPORTED,True,containment,True,entity_coverage=1.00,1,
5a790e91554299078472779e,Which African-American composer co-wrote Air?,Scott Joplin,"Will Marion Cook co-wrote the song ""Air"".",UNSUPPORTED,False,"embedding_sim=0.44,token_f1=0.00",False,llm_judge_supported,0,
5a799f685542996c55b2dc2a,What British man was was wrongly convicted of murdering Jill Dando?,Barry George,Barry Michael George,SUPPORTED,True,token_f1=0.80,True,verbatim_span_supporting_title,0,
5ab9aee55542996be2020588,"The author of ""Evolution: A Theory in Crisis"" is a Senior Fellow at what institute?",Discovery Institute's Center for Science and Culture,"Michael Denton, the author of ""Evolution: A Theory in Crisis"", is a",UNSUPPORTED,False,"embedding_sim=0.47,token_f1=0.00",True,verbatim_span_supporting_title,1,
5a8ad7ee5542992d82986f99,When did the event Rue d'Alésia is named for take place?,"September, 52 BC",The Battle of Alesia took place in September 52 BC.,SUPPORTED,True,containment,True,entity_coverage=1.00,0,
5ab98b2d554299131ca4236e,"Which mine in California, lasting from 1873 to 1883, became one of the most noted mercury producers in the world?",Sulphur Bank Mine,"The Great Western Quicksilver Mine in Lake County, California, produced mercury from",UNSUPPORTED,False,llm_equivalence,True,entity_coverage=1.00,1,
5a8c738d554299653c1aa06f,"Which series aired first, Auction Kings or Pawn Stars?",Pawn Stars,"Auction Kings premiered on October 26, 2010",UNSUPPORTED,False,llm_equivalence,True,entity_coverage=1.00,0,
5a84b8275542994c784dda19,Former player Darius Maskoliūnas coaches for which of the oldest Lithuanian basketball teams?,Žalgiris Kaunas.,"Darius Maskoliūnas is currently the assistant coach for Žalgiris Kaunas, one of",SUPPORTED,True,containment,True,entity_coverage=1.00,0,
5ab914d655429919ba4e2394,"Martha Graham was an American modern dancer and choreographer, her style, reshaped American dance and is still taught worldwide, the Graham technique, is a modern dance movement style, and pedagogy created by the American dancer and choreographer Martha Graham, born on which date?","May 11, 1894","Martha Graham was born on May 11, 1894.",SUPPORTED,True,containment,True,verbatim_span_supporting_title,1,
5a8aeb7f55429950cd6afbe8,When was the stadium Wollongong Wolves Football Club plays at opened?,1911,"The stadium where Wollongong Wolves FC plays its home games, WIN Stadium,",UNSUPPORTED,False,"embedding_sim=0.40,token_f1=0.00",True,entity_coverage=1.00,0,
5ac1353255429964131be192,"Where are the metalcore band from, that released second full-length album titled Rage?","Atlanta, Georgia",The American metalcore band Attila is from.,UNSUPPORTED,False,"embedding_sim=0.49,token_f1=0.00",True,entity_coverage=1.00,0,
5a772d7e55429972597f1467,"Which television show premiered in 2008 and featured a contestant who previously starred in ""Hannah Montana""?",Dancing with the Stars,Dancing With The Stars,SUPPORTED,True,exact_match,True,verbatim_span_supporting_title,0,
5adf698f5542993a75d264e2,Who directed a film that included Sarah Manninen?,Martha Coolidge,"Greg White directed the 2013 film ""Separation"" which starred Sarah Manninen.",UNSUPPORTED,False,"embedding_sim=0.42,token_f1=0.00",True,entity_coverage=1.00,0,
5a8514545542992a431d1ad2,Which Oscar-nominated film was written by the screenwriter who wrote a 1991 romantic drama based upon a screenplay by Sooni Taraporevala?,Salaam Bombay,Salaam Bombay (1988) is an Oscar-nominated film written by Sooni Taraporevala.,SUPPORTED,True,containment,True,entity_coverage=1.00,0,
5a79d9e55542994f819ef0cf,Which rivalry were involved in the chant referring to the United Kingdom's Victories of the First and Second World War?,England and West Germany,"The England–Germany football rivalry is involved in the ""Two World Wars",UNSUPPORTED,False,llm_equivalence,True,entity_coverage=1.00,0,
5abc095b55429965836003f8,Dumb Flesh is the third album by whom?,Blanck Mass,"Dumb Flesh is the third studio album by Blanck Mass, released on",SUPPORTED,True,containment,True,entity_coverage=1.00,0,
5adeacc455429939a52fe946,"Stainby is a hamlet in the South Kesteven district of Lincolnshire, and is situated 2 mi west from the A1 road, the A1 is the longest numbered road in which country?",UK,The A1 road is located in England.,UNSUPPORTED,False,llm_equivalence,True,entity_coverage=1.00,0,
5ae1214e55429901ffe4adb5,"Are Monastery of the Transfiguration, Kinaliada and Süreyya Opera House both Greek Orthodox monasteries? ",no,No,SUPPORTED,True,exact_match,True,verbatim_span_supporting_title,0,
5a7e02d55542991319bc941f,The sauce that fills a BiFi Carazza is referred to as what by Italians?,Salsa di pomodoro,"In Italy, the filling of a BiFi Carazza is referred to as",UNSUPPORTED,False,llm_equivalence,True,verbatim_span_supporting_title,1,
5a7d52655542990b8f50397b,"Which band's song was used as the theme at the Pepsi Arena on January 8, 2006?",Disturbed,"The song ""Stricken"" by Nickelback was used as the official theme for",UNSUPPORTED,False,llm_equivalence,False,llm_judge_supported,0,
5ac39af3554299391541380e,Are Ima Robot and Of Montreal music bands ?,yes,Yes,UNSUPPORTED,True,exact_match,False,entity_coverage=0.00,0,
5abf82965542997719eab694,When was the company that publishes the journal Magnetic Resonance Imaging established ?,1880,"The company that publishes the journal Magnetic Resonance Imaging, Elsevier, was established",UNSUPPORTED,False,"embedding_sim=0.46,token_f1=0.00",True,entity_coverage=1.00,0,
5ae513225542993aec5ec12e,James Mulgrew is the star of which comedy sketch show?,And There's More,James Mulgrew is the star of And There's More.,SUPPORTED,True,containment,True,verbatim_span_supporting_title,1,
5a832ee355429954d2e2ec4d,"The creation of Fontana Lake submerged Proctor, North Carolina and what other town?",Judson,"Proctor, Judson",SUPPORTED,True,exact_match,True,verbatim_span_supporting_title,0,
5a8113ca55429938b61422ab,What is found in Prochlorococcus and essential for photosynthesis?,Chlorophyll,"Chlorophyll ""a2"" and ""b2""",SUPPORTED,True,containment,True,verbatim_span_supporting_title,0,
5ae1130a5542997b2ef7d0d3,What tribe what American Horse a part of?,"American Horse (Oglala Lakota: ""Wašíčuŋ Tȟašúŋke"" in Standard Lakota Orthography) (a/k/a ""American Horse the Elder"") (1830–September 9, 1876) was an Oglala Lakota warrior chief renowned for Spartan courage and honor.",American Horse was an Oglala Lakota chief,SUPPORTED,True,embedding_sim=0.88,True,entity_coverage=1.00,0,
5abbdfe655429931dba145be,Who developed the game with whom the man who created the C programming language was incorrectly cited as a co-author?,Bell Labs,Victor A.,UNSUPPORTED,False,"embedding_sim=0.46,token_f1=0.00",True,verbatim_span_supporting_title,0,
5adef3db5542993a75d263b7,"Which of these has its entrance in Piyer Loti Caddesi, Hagia Sophia or Theodosius Cistern?",Theodosius Cistern,The Theodosius Cistern has its modern entrance in Piyer Loti Caddesi.,SUPPORTED,True,containment,True,entity_coverage=1.00,0,
5ae225fb554299234fd043f8,Rhodochiton and Platystemon are both genuses of what kind of life form?,flowering plants,Rhodochiton and Platystemon are both genera of flowering plants.,SUPPORTED,True,containment,True,entity_coverage=1.00,0,
5ac39d02554299391541381e,"Which professional American football team based in Ohio did Ivan ""John"" Jurkovic play for?",Cleveland Browns,"Ivan ""John"" Jurkovic played for the Cleveland Browns.",SUPPORTED,True,containment,True,entity_coverage=1.00,0,
5ac01f885542990832d3a1f7,How far north from Salzburg is the Austrian village that shares a name with a controversial German Pilsner or pale lager?,33 km,The Austrian village of Fucking is 33 km north of Salzburg.,SUPPORTED,True,containment,True,entity_coverage=1.00,0,
5a80b5ba554299260e20a138,What year did the the German composer whose compositions are in The Individualism of Gil Evans die?,1950,Kurt Weill died in 1953.,UNSUPPORTED,False,llm_equivalence,False,llm_judge_supported,0,
5ac0551b5542997d64295a07,St James Street appears as a segment of Whitecross Street on the 1610 map of the Monmouth by an English historian best known as a mapmaker of what perior?,Stuart period,John Speed was an English cartographer and historian.,UNSUPPORTED,True,llm_equivalence,False,llm_judge_supported,0,
5ae0925e55429945ae9593c9,"The 2005 documentary ""The Aristocrats"" was dedicated to a comedian that received how many Emmy Awards?",six,Johnny Carson received six Emmy Awards.,SUPPORTED,True,containment,True,entity_coverage=1.00,0,
5ab51c2a5542991779162d80,"What was the franchise, in which Anton Šťastný played 9 seasons, renamed after moving in 1995?",Colorado Avalanche,"The Quebec Nordiques were renamed the Colorado Avalanche after relocating to Denver,",SUPPORTED,True,containment,True,entity_coverage=1.00,0,
5ab9af1a554299743d22eb9d,"What is the birthdate of this former NASA astronaut and a retired captain in the United States Navy, who published the book Lost Moon: The Perilous Voyage of Apollo 13?","March 25, 1928",March 25,SUPPORTED,True,containment,True,verbatim_span_supporting_title,0,
5ac4f46555429924173fb510,In what country are the cities Guilin and Ankang located?,China,Guilin and Ankang are located in China.,SUPPORTED,True,containment,True,entity_coverage=1.00,0,
5a85d5ba5542997175ce205a,Der Mond was composed by the man who was best known for what cantata?,Carmina Burana,Carl Orff composed Der Mond.,UNSUPPORTED,False,"embedding_sim=0.53,token_f1=0.00",True,entity_coverage=1.00,0,
5ac2f1eb554299218029dba5,"In what year did the Britain Burma Society founded under the distinguished patronage of  Earl Mountbatten of Burma, Sir Hubert Rance whose formal prefix Sir was strictly governed by law and custom as an honorific address?",1957,The Britain-Burma Society was founded in 1957.,SUPPORTED,True,containment,True,entity_coverage=1.00,0,
5ac2ac4d554299218029daf1,What was the official name for the draft that Thomas E. O'Donnell was a public opponent of?,Conscription in the United States,The official name for the draft that Thomas E.,SUPPORTED,True,llm_equivalence,True,entity_coverage=1.00,0,
5abe4dec5542991f66106136,Morning glory and Sorbus are both a genus of plants? ,yes,Yes,UNSUPPORTED,True,exact_match,False,entity_coverage=0.00,0,
5a75a52b5542992d0ec05fcf,"What is the nationality of the actor who starred as Rene Russo's husband in the 1997 movie ""Buddy""?",Scottish,Robbie Coltrane,UNSUPPORTED,False,"embedding_sim=0.47,token_f1=0.00",True,verbatim_span_supporting_title,0,
5a7bc8b1554299294a54aad0,"From an Andrey Zvyagintsev drama, which American city did the actual events upon which the drama is based take place?","Granby, Colorado",The story of Leviathan was inspired by the real-life events of Marvin,UNSUPPORTED,False,"embedding_sim=0.39,token_f1=0.00",True,entity_coverage=1.00,0,
5ac53a3e5542994611c8b447,Márcio Borges was from the second most populous municipality in what country?,Brazil,"Márcio Borges was from Rio de Janeiro, which is the second-most populous",UNSUPPORTED,False,llm_equivalence,True,entity_coverage=1.00,1,
5aba8f7b55429901930fa832,What other real life boxer did Mike Williams act with in Rocky V?,Tommy Morrison,Tommy Morrison played the role of Tommy Gunn in Rocky V.,SUPPORTED,True,containment,True,entity_coverage=1.00,0,
5a7ca54c55429935c91b527f,"The Swedish-British entertainment studio executive and film executive producer, who was the Executive producer for a 2016 American action thriller film directed by Babak Najafi, currently serve?",CEO of Lionsgate UK & Europe,Zygi Kamasa serves as CEO of Lionsgate UK & Europe.,SUPPORTED,True,containment,True,entity_coverage=1.00,0,
5ab3b37c554299753aec59b5,Who airs the cartoon developed by Nicholas Boshier?,Australian Broadcasting Corporation,"The cartoon ""Beached Az"" is aired on Teletoon.",UNSUPPORTED,False,"embedding_sim=0.51,token_f1=0.00",True,entity_coverage=1.00,0,
5ae12f915542997b2ef7d11f,John Kassir and Tom Kenny both voice this one character?,Ice King,John Kassir and Tom Kenny both voiced the Ice King.,SUPPORTED,True,containment,True,entity_coverage=1.00,0,
5ab9cf4355429939ce03dc2c,The 32nd TCA Awards were hosted by a  Mexican actor best known for his roles as Fernando Mendiola in what?,La Fea Mas Bella,"Jaime Camil played the role of Fernando Mendiola in ""La Fea Mas",UNSUPPORTED,False,llm_equivalence,True,entity_coverage=1.00,0,
5ab433675542991751b4d6e6,Where does Lance Stephenson of the Indiana Pacers basketball team play his home games?,Bankers Life Fieldhouse,Lance Stephenson plays his home games at Bankers Life Fieldhouse.,SUPPORTED,True,containment,True,entity_coverage=1.00,0,
5ac1cfe05542994d76dcceea,"In which school was the fictional character in ""The Simpsons"" which was voice by Marcia Wallace a teacher?",Springfield Elementary School,"Edna Krabappel, voiced by Marcia Wallace, was a teacher at Springfield Elementary",SUPPORTED,True,embedding_sim=0.87,True,entity_coverage=1.00,1,
5ab289ee554299340b525509,Alain Fossoul played this position whose primary role is to prevent the opposing team from what,scoring goals,"Alain Fossoul played as a defender, whose primary role is to prevent",UNSUPPORTED,False,llm_equivalence,True,entity_coverage=1.00,1,
5a8c404e5542997f31a41e02,"Makers: Women Who Make America featured an interview with what talk who host, who was dubbed the ""Queen of all Media""?",Oprah Winfrey,"Oprah Winfrey, a renowned American media proprietor and talk show host.",SUPPORTED,True,exact_match,True,verbatim_span_supporting_title,2,
5a7e567b55429949594199a0,Who is the American internet entrepreneur who founded the company featured on 24 Hours on Craigslist?,Craig Newmark,"Craig Newmark, the founder of Craigslist, had his website featured in the",PARTIAL,True,exact_match,True,verbatim_span_supporting_title,2,
5adbf56455429947ff173868,What show is an American-Canadian drama starring Scott Lowell playing Ted Schmidt?,Queer as Folk,"The show is ""Queer as Folk"".",SUPPORTED,True,containment,True,entity_coverage=1.00,0,
5a7f3d2c55429930675136cb,"Who co- satrred with the actor who starred in several television series over more than five decades, including such popular roles as Bret Maverick in a 1959 episode of the Western comedy television series where A mean killer becomes jealous?",Clint Eastwood,"Clint Eastwood co-starred with James Garner in the 1959 episode ""Duel at",SUPPORTED,True,containment,True,entity_coverage=1.00,0,
5ac133bf55429964131be189,"American actor, Peter Hansen, best known for his role on General Hospital, also starred in The War of the Roses with American film and stage actress and director who has won how many Golden Globe Awards?",two,Kathleen Turner has won two Golden Globe Awards.,SUPPORTED,True,containment,True,entity_coverage=1.00,0,
5a77365c55429972597f14a6,Who wrote the song that caused the Columbia Kingsmen to change their name to Sha Na Na?,Richard Berry,The song that caused the Columbia Kingsmen to change their name to,UNSUPPORTED,False,"embedding_sim=0.46,token_f1=0.00",True,entity_coverage=1.00,0,
5a731dee5542992359bc3238,"What man, also known as mi Sde-Or, created a military self-defense system developed for the Israel Defense Forces?","Emrich ""Imi"" Lichtenfeld",Imi Lichtenfeld,SUPPORTED,True,containment,True,verbatim_span_supporting_title,0,
5abbbd0f55429931dba144d5,Maurice Hines and his brother were famous for what?,dancer Gregory Hines,Maurice Hines,UNSUPPORTED,False,llm_equivalence,True,verbatim_span_supporting_title,0,
5ae3e9995542995dadf24247,"On what date did a Canadian politician born January 2, 1979, succeed as leader of the New Democratic Party in Canada? ",October 1st,Jagmeet Singh succeeded as leader of the New Democratic Party in Canada,UNSUPPORTED,False,"embedding_sim=0.49,token_f1=0.00",True,entity_coverage=1.00,0,
5ade4e43554299728e26c6bb,Garth Jennings and Lee Cheol-ha shared what occupation?,film director,Garth Jennings and Lee Cheol-ha are both film directors.,SUPPORTED,True,containment,True,entity_coverage=1.00,0,
5ac265055542992f1f2b38a9,"What show created by Michael G. Moye and Ron Leavitt aired on May 2, 2006 in Chile? ",Married... with Children,"The American television sitcom ""Married...",SUPPORTED,True,llm_equivalence,True,entity_coverage=1.00,0,
5a83335d55429954d2e2ec59,The Crocs River is a tributary of a river given what nickname?,"""Rhine of North America""","The Saint John River has been nicknamed the ""Rhine of North America""",SUPPORTED,True,containment,True,entity_coverage=1.00,0,
5ac42235554299204fd21ef9,"South Somercotes is a village and civil parish 8 mi north-east from Louth and approximately 2 mi south from which coastal village in the East Lindsey district, and the Marshes area, of Lincolnshire, England?",North Somercotes,North Somercotes.,SUPPORTED,True,exact_match,True,verbatim_span_supporting_title,0,
5a88bef0554299206df2b35b,"What actor in Holding the Fort is also known for being a television presenter for shows ""Game for a Laugh"", ""You Bet!"" and ""Stars in Their Eyes""?",Matthew Kelly,"Matthew Kelly, who starred in Holding the Fort, is also known for",PARTIAL,True,exact_match,True,verbatim_span_supporting_title,2,
5a8235d25542995ce29dccda,What South Korean sitcom starred a South Korean singer and actress who began her music career at the age of 15?,The Producers,The South Korean singer,UNSUPPORTED,False,llm_equivalence,True,entity_coverage=1.00,0,
5a76a401554299373536012b,"New Faces of 1952 is a musical revue with songs and comedy skits, it helped jump start the career of which young performer, and American actress?",Carol Lawrence,"The musical revue ""New Faces of 1952"" helped jumpstart the careers of",UNSUPPORTED,False,"embedding_sim=0.38,token_f1=0.00",True,entity_coverage=1.00,0,
5a8634195542991e771815ba,"Extras, is a British sitcom about extras working in television, film, and theatre, the series was co-produced by the BBC and HBO and was created, written, and directed by Ricky Dene Gervais, an English comedian, actor, writer, producer, director, singer, and musician, born on which date?",25 June 1961,"Ricky Gervais was born on June 10, 1961.",UNSUPPORTED,True,containment,False,entity_coverage=0.00,1,
5adf54605542993a75d264c6,"What film director is from Great Britain, Miloš Forman or Alex Cox?","Alexander ""Alex"" Cox",Alex Cox is from Great Britain.,UNSUPPORTED,True,embedding_sim=0.86,False,llm_judge_supported,0,
5ae625335542995703ce8b28,"What football club has won 3 UFEA Super Cups, and has also employed Scottish footballer Hugh ""Hughie"" Clifford?",Liverpool Football Club,Liverpool F.C.,SUPPORTED,True,embedding_sim=0.91,True,entity_coverage=1.00,0,
5a759a395542996c70cfaf0a," Jessica, is the second single from York-based rock band Elliot Minor, the band wrote this song out of their affection for which American actress and businesswoman?",Jessica Marie Alba,Jessica Alba.,SUPPORTED,True,token_f1=0.80,True,verbatim_span_supporting_title,0,
5ae4c33a55429960a22e01c4,"Tressie Souders and Padmarajan, have which occupation in common?",film director,Tressie Souders and Padmarajan were both filmmakers.,UNSUPPORTED,False,"embedding_sim=0.48,token_f1=0.00",True,verbatim_span_supporting_title,1,
5a736bfa5542991f29ee2e03,Who is older Glenn Hughes or Ross Lynch?,Glenn Hughes,"Glenn Hughes was born on August 21, 1951",SUPPORTED,True,containment,True,entity_coverage=1.00,0,
5a817221554299260e20a28d,British band The Wanted's third album includes a song with a title about which Barbadian superstar?,Rihanna,"The British band The Wanted's third album, ""Word of Mouth"", includes a",UNSUPPORTED,False,"embedding_sim=0.52,token_f1=0.00",True,entity_coverage=1.00,1,
5ae205755542997283cd232f,Who wrote the song that was sung to the famous tune of the composer known as the Father of the Symphony?,Ottokar Kernstock,"Ottokar Kernstock wrote the song ""Sei gesegnet ohne Ende"", which is sung",PARTIAL,True,containment,True,entity_coverage=1.00,1,
